CONTEXT,SENTENCE,GENDER of REFERENT,BENCHMARK TRANSLATION,GOOGLE TRANSLATION,REF2,CORRESPONDENCE,GOOGLE TRANSLATION W/CONTEXT,REF3,CORRESPONDENCE,,LINK ORIGINALI
"After a series of miscarriages, she underwent surgery to remove a fibroid tumor. <sep> ","Although still weak from surgery, Glaspell worked with Cook and friends to start an experimental theatre company, a creative collective.",F,"Sebbene ancora debilitata dall'operazione, Glaspell lavorò con Cook e altri amici alla creazione di una compagnia di teatro sperimentale, un collettivo creativo.","Sebbene ancora debole per l'intervento chirurgico, Glaspell ha lavorato con Cook e amici per avviare una compagnia teatrale sperimentale, un collettivo creativo.",N/D,A,"Dopo una serie di aborti spontanei, ha subito un intervento chirurgico per rimuovere un fibroma. <sep> Anche se ancora debole per l'operazione, Glaspell ha lavorato con Cook e amici per fondare una compagnia teatrale sperimentale, un collettivo creativo.",N/D,A,,
She often uses herself and her family as models. <sep> ,The Canopy Series (1987) draws on experiences from the artist's own family.,F,The Canopy Series (1987) si ispira alla famiglia dell'artista stessa.,The Canopy Series (1987) attinge alle esperienze della famiglia dell'artista.,N/D,A,Usa spesso se stessa e la sua famiglia come modelli. <sep> The Canopy Series (1987) attinge alle esperienze della famiglia dell'artista.,N/D,A,,
Coordinates: 55.035°N 7.284°W Thornhill College is a Roman Catholic grammar school for girls. <sep> ,It has a student population of approximately 1500 and a staff of 100 teachers.,F,Conta all'incirca 1500 studentesse e 100 insegnanti.,Ha una popolazione studentesca di circa 1500 e uno staff di 100 insegnanti.,N/D,A,Coordinate: 55.035°N 7.284°W Il Thornhill College è un liceo cattolico romano per ragazze. <sep> Ha una popolazione studentesca di circa 1500 e uno staff di 100 insegnanti.,N/D,A,,
She is an accredited teacher for the American Film Institute and S.A.G. <sep>,"Conservatory, dance teacher and fitness consultant.",F,"Conservatorio, maestra di danza e consulente fitness.","Conservatorio, insegnante di danza e consulente fitness.",N/D,A,"È un'insegnante accreditata per l'American Film Institute e S.A.G. <sep> Conservatorio, insegnante di danza e consulente di fitness.",N/D,A,,
"Grote went on to accept a faculty position as an associate professor of chemistry at his alma mater in 1931, and eventually moved on to professor of chemistry in 1941. <sep> ","From 1941 to 1972 Grote also served as scientific advisor for the Chattanooga Medicine Company, later to be called Chattem Co.",M,"Dal 1941 al 1972 Grote ha lavorato come consulente scientifico per la Chattanooga Medicine Company, in seguito chiamata Chattem Co.","Dal 1941 al 1972 Grote servì anche come consulente scientifico per la Chattanooga Medicine Company, in seguito chiamata Chattem Co.",N/D,A,"Grote ha continuato ad accettare una posizione di professore associato di chimica presso la sua alma mater nel 1931, e alla fine è passato a professore di chimica nel 1941. <sep> Dal 1941 al 1972 Grote è stato anche consulente scientifico per la Chattanooga Medicine Company , poi chiamata Chattem Co.",M,Y,,
"To apease him, Asquith invited Isaacs to join the Cabinet; he was the first attorney general to sit in the Cabinet. <sep> ","As law officer, Isaacs handled many high-profile cases.",M,"In quanto funzionario della legge, Isaacs ha trattato molti casi di alto profilo.","In qualità di agente legale, Isaacs ha gestito molti casi di alto profilo.",N/D,A,"Per placarlo, Asquith invitò Isaacs a unirsi al gabinetto; è stato il primo procuratore generale a sedere nel gabinetto. <sep> In qualità di legale, Isaacs ha gestito molti casi di alto profilo.",N/D,A,,
The driver saw Duggan move onto the road in front of him. <sep> ,"The car swerved from the inside lane to the outside, but the driver said Duggan leapt in front of the car, arms raised and mouth open.",M,"L'auto aveva sterzato dalla corsia interna a quella esterna, ma il guidatore disse che Duggan era saltato davanti all'auto con le mani alzate e la bocca aperta.","L'auto ha sterzato dalla corsia interna verso l'esterno, ma l'autista ha detto che Duggan è balzato davanti all'auto, con le braccia alzate e la bocca aperta.",N/D,A,"L'autista ha visto Duggan muoversi sulla strada davanti a lui. <sep> L'auto ha deviato dalla corsia interna verso l'esterno, ma l'autista ha detto che Duggan è balzato davanti all'auto, con le braccia alzate e la bocca aperta.",N/D,A,,
"Johannesen also set a total of four world records over the course of his career, the most famous of which was his 15:46.6 on the 10,000 m at the 1960 Olympics. <sep> ","Beside skating, Johannesen worked as a carpenter and later ran a gas station.",M,"A parte fare skate, Johannesen ha lavorato come carpentiere e successivamente ha gestito una stazione di servizio.","Oltre a pattinare, Johannesen ha lavorato come falegname e in seguito ha gestito una stazione di servizio.",N/D,A,"Johannesen ha anche stabilito un totale di quattro record mondiali nel corso della sua carriera, il più famoso dei quali è stato il suo 15:46.6 sui 10.000 m alle Olimpiadi del 1960. <sep> Oltre a pattinare, Johannesen ha lavorato come falegname e in seguito ha gestito una stazione di servizio.",N/D,A,,
"Throughout the film, the truck driver remains anonymous and unseen, with the exception of three separate shots, where the stunt driver can very briefly be seen in the truck's cab, where his arm waves Weaver on into oncoming traffic, and where Weaver observes the driver's snakeskin boots. <sep> ","Spielberg says that the effect of not seeing the driver makes the real villain of the film the truck itself, rather than the driver.",M,"Spielberg spiega come il non vedere chi guida faccia diventare lo stesso camion l'antagonista del film, anziché il guidatore.","Spielberg afferma che l'effetto di non vedere l'autista rende il vero cattivo del film il camion stesso, piuttosto che l'autista.",N/D,A,"Per tutto il film, l'autista del camion rimane anonimo e invisibile, con l'eccezione di tre inquadrature separate, in cui lo stunt driver può essere visto molto brevemente nella cabina del camion, dove il suo braccio fa cenno a Weaver di entrare nel traffico in arrivo, e dove Weaver osserva il guidatore stivali di pelle di serpente. <sep> Spielberg afferma che l'effetto di non vedere l'autista rende il vero cattivo del film il camion stesso, piuttosto che l'autista.",N/D,A,,
"The initial operation, John's successful post-surgery career, and the relationship between the two men is the subject of a 2013 ESPN 30 for 30 documentary. <sep> ",The risk of injury to the throwing athlete's UCL is thought to be extremely high as the amount of stress through this structure approaches its ultimate tensile strength during a hard throw.,M,"Il rischio di lesioni al legamento collaterale ulnare per un lanciatore è considerato molto alto, dato che lo stress inflitto alla zona si avvicina al punto di rottura soprattutto nel caso di lanci particolarmente forti.",Si ritiene che il rischio di lesioni all'UCL dell'atleta che lancia sia estremamente elevato poiché la quantità di stress attraverso questa struttura si avvicina alla sua massima resistenza alla trazione durante un lancio duro.,N/D,A,"L'operazione iniziale, la carriera postoperatoria di successo di John e il rapporto tra i due uomini sono oggetto di un documentario ESPN 30 per 30 del 2013. <sep> Si ritiene che il rischio di lesioni all'UCL dell'atleta che lancia sia estremamente elevato poiché la quantità di stress attraverso questa struttura si avvicina alla sua massima resistenza alla trazione durante un lancio duro.",N/D,A,,
Podhoretz served as Commentary magazine's Editor-in-Chief from 1960 (when he replaced Elliot E. Cohen) until his retirement in 1995. <sep> ,Podhoretz remains Commentary's Editor-at-Large.,M,Podhoretz rimane redattore capo di Commentary.,Podhoretz rimane Editor-at-Large di Commentary.,N/D,A,Podhoretz è stato redattore capo della rivista Commentary dal 1960 (quando ha sostituito Elliot E. Cohen) fino al suo ritiro nel 1995. <sep> Podhoretz rimane il redattore generale di Commentary.,M,Y,,
As a consultant he advised partners in the European Processor Initiative. <sep> ,"From 2019, Braam has been a Visiting Professor of Physics at Oxford University.",M,"Dal 2019, Braam divenne un professore di fisica in visita alla Oxford University.","Dal 2019, Braam è Visiting Professor of Physics presso l'Università di Oxford.",N/D,A,"In qualità di consulente ha fornito consulenza ai partner dell'iniziativa europea per i processori. <sep> Dal 2019, Braam è Visiting Professor of Physics presso l'Università di Oxford.",N/D,A,,
"Accordingly, the Gardners received her at an appropriate age for research into language development. <sep> ",There was always a researcher or assistant in attendance during Washoe's waking hours.,F,Washoe era affiancata tutto il giorno da un ricercatore o un assistente.,C'era sempre un ricercatore o un assistente presente durante le ore di veglia di Washoe.,N/D,A,"Di conseguenza, i Gardner la accolsero a un'età appropriata per la ricerca sullo sviluppo del linguaggio. <sep> C'era sempre un ricercatore o un assistente presente durante le ore di veglia di Washoe.",N/D,A,,
"Kulkarni was born in Bijapur, Karnataka and her parents moved to Australia in 1961 when she was three years old. <sep> ",Kulkarni worked as a doctor specialising in accident and emergency medicine before becoming a psychiatrist.,F,"Kulkarni ha lavorato come medico, specializzandosi in medicina d'emergenza-urgenza, prima di diventare una psichiatra.",Kulkarni ha lavorato come medico specializzato in medicina degli incidenti e d'urgenza prima di diventare psichiatra.,N/D,A,"Kulkarni è nata a Bijapur, Karnataka ei suoi genitori si sono trasferiti in Australia nel 1961 quando aveva tre anni. <sep> Kulkarni ha lavorato come medico specializzato in medicina d'urgenza prima di diventare psichiatra.",N/D,A,,
"Didrikson's first job after high school was as a secretary for the Employers' Casualty Insurance Company of Dallas, though she was employed only in order to play basketball as an amateur on the company's industrial team, the Golden Cyclones. <sep> ","Despite leading the team to an AAU Basketball Championship in 1931, Didrikson had first achieved wider attention as a track and field athlete.",F,"Pur avendo portato la squadra a vincere il campionato di basket AAU nel 1931, Didrikson era già famosa come esponente dell'atletica leggera.","Nonostante avesse guidato la squadra a un campionato di basket AAU nel 1931, Didrikson aveva ottenuto per la prima volta un'attenzione più ampia come atleta di atletica leggera.",N/D,A,"Il primo lavoro di Didrikson dopo il liceo è stato come segretaria per la Employers' Casualty Insurance Company di Dallas, sebbene fosse impiegata solo per giocare a basket come dilettante nella squadra industriale della compagnia, i Golden Cyclones. <sep> Nonostante abbia guidato la squadra a un campionato di pallacanestro AAU nel 1931, Didrikson aveva inizialmente ottenuto una maggiore attenzione come atleta di atletica leggera.",N/D,A,,
"Mudge missed much of the 2005 season, first recuperating from an operation to rehabilitate a damaged knee which left her on crutches, and then succumbing to a bout of plantar fasciitis between May and July. <sep> ","I was running on the bare bone of my femur, so the surgeon drilled a lot of holes, which stimulates scar tissue, and eventually, I could run again.",F,"Praticamente non c'era più niente tra il femore e il ginocchio, così il chirurgo ha praticato diversi fori per stimolare la formazione di tessuto cicatriziale, e alla fine sono tornata a correre.","Stavo correndo sull'osso nudo del mio femore, quindi il chirurgo ha praticato molti fori, che stimolano il tessuto cicatriziale, e alla fine ho potuto correre di nuovo.",N/D,A,"Mudge ha perso gran parte della stagione 2005, prima riprendendosi da un'operazione per riabilitare un ginocchio danneggiato che l'ha lasciata con le stampelle, e poi soccombendo a un attacco di fascite plantare tra maggio e luglio. <sep> Stavo correndo sull'osso nudo del mio femore, quindi il chirurgo ha praticato molti fori, che stimolano il tessuto cicatriziale, e alla fine sono riuscito a correre di nuovo.",M,N,,
"After a year of training, she worked in mission control as a spacecraft communicator (CAPCOM). <sep> ",Hire flew as Mission Specialist-2 on STS-90 Neurolab (1998) and logged over 381 hours in space.,F,Hire è stata specialista di missione #2 sulla STS-90 (1998) e ha all'attivo più di 381 ore in orbita.,Hire ha volato come Mission Specialist-2 su STS-90 Neurolab (1998) e ha registrato oltre 381 ore nello spazio.,N/D,A,"Dopo un anno di addestramento, ha lavorato nel controllo della missione come comunicatore di veicoli spaziali (CAPCOM). <sep> Hire ha volato come Mission Specialist-2 su STS-90 Neurolab (1998) e ha trascorso oltre 381 ore nello spazio.",N/D,A,,
The women's 4 × 160 metres relay event at the 1966 European Indoor Games was held on 27 March in Dortmund. <sep> ,Each athlete ran one lap of the 160 metres track.,F,"Ciascuna atleta percorreva un giro completo della pista, lunga 160 metri.",Ogni atleta ha percorso un giro della pista di 160 metri.,N/D,A,La staffetta femminile 4 × 160 metri ai Giochi Europei Indoor del 1966 si è svolta il 27 marzo a Dortmund. <sep> Ogni atleta ha percorso un giro della pista di 160 metri.,N/D,A,,
MacDonald was crowned as the Queen of the Movies in 1939 with Tyrone Power as her king. <sep> ,MacDonald was awarded an honorary doctor of music degree from Ithaca College in 1956.,F,MacDonald fu insignita di una laurea in musica ad honorem dall'Ithaca College nel 1956.,MacDonald ha ricevuto una laurea honoris causa in musica dall'Ithaca College nel 1956.,N/D,A,MacDonald è stata incoronata come la regina dei film nel 1939 con Tyrone Power come suo re. <sep> MacDonald ha ricevuto una laurea honoris causa in musica dall'Ithaca College nel 1956.,N/D,A,,
"She is best known for her still lives and landscapes, painted alla prima (in one sitting), in an energized, loose, wet-into-wet style. <sep> ","As a plein aire landscape painter, Lafuente's primary areas of focus are cityscapes and seascapes.",F,"Pittrice di paesaggi en plein air, i principali soggetti di Lafuente sono i paesaggi cittadini e marittimi.","In qualità di paesaggista plein aire, le principali aree di interesse di Lafuente sono i paesaggi urbani e marini.",N/D,A,"È meglio conosciuta per le sue nature morte e i suoi paesaggi, dipinti alla prima (in una sola seduta), in uno stile energico, sciolto, bagnato nel bagnato. <sep> Come paesaggista plein aire, le principali aree di interesse di Lafuente sono i paesaggi urbani e marini.",N/D,A,,
"From 1981 to 1982, she worked for 2WS Radio and at 2GB Radio from 1982 to 1983. <sep> ",Attard worked on ABC Radio News from 1983 to 1985 and reporter on ABC Radio programs 'The World Today' and 'PM' from 1985 to 1988.,F,Attard ha lavorato per ABC Radio News dal 1983 al 1985 ed è stata repoter dei programmi ABC Radio 'The World Today' e 'PM' dal 1985 al 1988.,"Attard ha lavorato su ABC Radio News dal 1983 al 1985 e reporter sui programmi della ABC Radio ""The World Today"" e ""PM"" dal 1985 al 1988.",N/D,A,"Dal 1981 al 1982 ha lavorato per 2WS Radio e per 2GB Radio dal 1982 al 1983. <sep> Attard ha lavorato per ABC Radio News dal 1983 al 1985 e reporter per i programmi della ABC Radio ""The World Today"" e ""PM"" dal 1985 al 1988.",N/D,A,,